,name,distortion
0,DBSCAN,0.019161300331920733
1,Agglomerative,0.016283422990940277
2,Spectral,0.012330723186568195
3,Kmeans,0.029025052977661853
